epoch,content_loss,feature_loss,style_loss,val_psnr,val_ssim
0,0.026502542197704315,23468968.0,447.2543640136719,28.843692779541016,0.727497935295105
